step,transition,real_power_w,variant,sim_settle_power_w,sim_contact_count,error_w,abs_error_w,squared_error_w2
0,mu1->mu2,70.76015488769241,baseline,169.8612605785938,8.373333333333333,99.10110569090139,99.10110569090139,9821.029149159209
1,mu2->mu3,69.8860668899035,baseline,81.703788477984,3.906666666666667,11.817721588080502,11.817721588080502,139.65854353338395
2,mu3->mu4,94.59434099770256,baseline,184.96738357068693,14.593333333333334,90.37304257298437,90.37304257298437,8167.2868238984465
3,mu4->mu5,100.93387788469836,baseline,164.7802802386249,12.786666666666667,63.846402353926536,63.846402353926536,4076.363093539476
4,mu5->mu6,79.77128204427612,baseline,84.29657571623979,8.613333333333333,4.5252936719636665,4.5252936719636665,20.478282817514405
5,mu6->mu7,115.83109571499895,baseline,69.11026659525702,3.706666666666666,-46.720829119741936,46.720829119741936,2182.835873636126
6,mu7->mu8,96.33021582528467,baseline,75.91899932501022,3.7599999999999993,-20.41121650027445,20.41121650027445,416.6177590210759
7,mu8->mu9,46.13448925666419,baseline,73.25152756858314,8.02,27.117038311918954,27.117038311918954,735.3337668100803
8,mu9->mu8,61.097407555718384,baseline,76.11866196363499,3.8199999999999994,15.021254407916608,15.021254407916608,225.63808398735412
9,mu8->mu7,84.58924256956202,baseline,103.96535731331169,5.693333333333333,19.376114743749667,19.376114743749667,375.43382256295325
10,mu7->mu6,59.242795325639335,baseline,92.26871081909917,7.713333333333333,33.025915493459834,33.025915493459834,1090.7110941811504
11,mu6->mu5,69.61848326670285,baseline,114.90482749403036,7.480000000000001,45.286344227327504,45.286344227327504,2050.852973475999
12,mu5->mu4,76.28941861499858,baseline,173.4240843659221,10.06,97.13466575092353,97.13466575092353,9435.143290543638
13,mu4->mu3,71.6809426474985,baseline,92.75253074039888,4.713333333333333,21.071588092900384,21.071588092900384,444.01182475686124
14,mu3->mu2,82.7665833672965,baseline,104.74405701201545,6.693333333333333,21.97747364471894,21.97747364471894,483.00934780431567
0,mu1->mu2,70.76015488769241,floor_friction_0.05,169.8612605785938,8.373333333333333,99.10110569090139,99.10110569090139,9821.029149159209
1,mu2->mu3,69.8860668899035,floor_friction_0.05,81.703788477984,3.906666666666667,11.817721588080502,11.817721588080502,139.65854353338395
2,mu3->mu4,94.59434099770256,floor_friction_0.05,184.96738357068693,14.593333333333334,90.37304257298437,90.37304257298437,8167.2868238984465
3,mu4->mu5,100.93387788469836,floor_friction_0.05,164.7802802386249,12.786666666666667,63.846402353926536,63.846402353926536,4076.363093539476
4,mu5->mu6,79.77128204427612,floor_friction_0.05,84.29657571623979,8.613333333333333,4.5252936719636665,4.5252936719636665,20.478282817514405
5,mu6->mu7,115.83109571499895,floor_friction_0.05,69.11026659525702,3.706666666666666,-46.720829119741936,46.720829119741936,2182.835873636126
6,mu7->mu8,96.33021582528467,floor_friction_0.05,75.91899932501022,3.7599999999999993,-20.41121650027445,20.41121650027445,416.6177590210759
7,mu8->mu9,46.13448925666419,floor_friction_0.05,73.25152756858314,8.02,27.117038311918954,27.117038311918954,735.3337668100803
8,mu9->mu8,61.097407555718384,floor_friction_0.05,76.11866196363499,3.8199999999999994,15.021254407916608,15.021254407916608,225.63808398735412
9,mu8->mu7,84.58924256956202,floor_friction_0.05,103.96535731331169,5.693333333333333,19.376114743749667,19.376114743749667,375.43382256295325
10,mu7->mu6,59.242795325639335,floor_friction_0.05,92.26871081909917,7.713333333333333,33.025915493459834,33.025915493459834,1090.7110941811504
11,mu6->mu5,69.61848326670285,floor_friction_0.05,114.90482749403036,7.480000000000001,45.286344227327504,45.286344227327504,2050.852973475999
12,mu5->mu4,76.28941861499858,floor_friction_0.05,173.4240843659221,10.06,97.13466575092353,97.13466575092353,9435.143290543638
13,mu4->mu3,71.6809426474985,floor_friction_0.05,92.75253074039888,4.713333333333333,21.071588092900384,21.071588092900384,444.01182475686124
14,mu3->mu2,82.7665833672965,floor_friction_0.05,104.74405701201545,6.693333333333333,21.97747364471894,21.97747364471894,483.00934780431567
0,mu1->mu2,70.76015488769241,floor_friction_0.2,169.8612605785938,8.373333333333333,99.10110569090139,99.10110569090139,9821.029149159209
1,mu2->mu3,69.8860668899035,floor_friction_0.2,81.703788477984,3.906666666666667,11.817721588080502,11.817721588080502,139.65854353338395
2,mu3->mu4,94.59434099770256,floor_friction_0.2,184.96738357068693,14.593333333333334,90.37304257298437,90.37304257298437,8167.2868238984465
3,mu4->mu5,100.93387788469836,floor_friction_0.2,164.7802802386249,12.786666666666667,63.846402353926536,63.846402353926536,4076.363093539476
4,mu5->mu6,79.77128204427612,floor_friction_0.2,84.29657571623979,8.613333333333333,4.5252936719636665,4.5252936719636665,20.478282817514405
5,mu6->mu7,115.83109571499895,floor_friction_0.2,69.11026659525702,3.706666666666666,-46.720829119741936,46.720829119741936,2182.835873636126
6,mu7->mu8,96.33021582528467,floor_friction_0.2,75.91899932501022,3.7599999999999993,-20.41121650027445,20.41121650027445,416.6177590210759
7,mu8->mu9,46.13448925666419,floor_friction_0.2,73.25152756858314,8.02,27.117038311918954,27.117038311918954,735.3337668100803
8,mu9->mu8,61.097407555718384,floor_friction_0.2,76.11866196363499,3.8199999999999994,15.021254407916608,15.021254407916608,225.63808398735412
9,mu8->mu7,84.58924256956202,floor_friction_0.2,103.96535731331169,5.693333333333333,19.376114743749667,19.376114743749667,375.43382256295325
10,mu7->mu6,59.242795325639335,floor_friction_0.2,92.26871081909917,7.713333333333333,33.025915493459834,33.025915493459834,1090.7110941811504
11,mu6->mu5,69.61848326670285,floor_friction_0.2,114.90482749403036,7.480000000000001,45.286344227327504,45.286344227327504,2050.852973475999
12,mu5->mu4,76.28941861499858,floor_friction_0.2,173.4240843659221,10.06,97.13466575092353,97.13466575092353,9435.143290543638
13,mu4->mu3,71.6809426474985,floor_friction_0.2,92.75253074039888,4.713333333333333,21.071588092900384,21.071588092900384,444.01182475686124
14,mu3->mu2,82.7665833672965,floor_friction_0.2,104.74405701201545,6.693333333333333,21.97747364471894,21.97747364471894,483.00934780431567
0,mu1->mu2,70.76015488769241,floor_friction_1.5,177.05537710521946,7.76,106.29522221752705,106.29522221752705,11298.674266273458
1,mu2->mu3,69.8860668899035,floor_friction_1.5,81.98747476995268,7.693333333333333,12.10140788004918,12.10140788004918,146.4440726793164
2,mu3->mu4,94.59434099770256,floor_friction_1.5,190.0017183217082,15.353333333333333,95.40737732400565,95.40737732400565,9102.567647845188
3,mu4->mu5,100.93387788469836,floor_friction_1.5,170.51947834913898,14.726666666666665,69.58560046444062,69.58560046444062,4842.155791996758
4,mu5->mu6,79.77128204427612,floor_friction_1.5,92.09338261851904,9.2,12.322100574242924,12.322100574242924,151.8341625617578
5,mu6->mu7,115.83109571499895,floor_friction_1.5,72.68306620423395,3.8866666666666667,-43.148029510765,43.148029510765,1861.7524506618472
6,mu7->mu8,96.33021582528467,floor_friction_1.5,76.17637750609737,5.766666666666667,-20.1538383191873,20.1538383191873,406.17719899594243
7,mu8->mu9,46.13448925666419,floor_friction_1.5,70.50547756223804,9.693333333333333,24.370988305573853,24.370988305573853,593.9450709904175
8,mu9->mu8,61.097407555718384,floor_friction_1.5,83.2308407576705,6.1066666666666665,22.133433201952123,22.133433201952123,489.88886530527657
9,mu8->mu7,84.58924256956202,floor_friction_1.5,111.278759220718,10.286666666666667,26.689516651155984,26.689516651155984,712.3302990723325
10,mu7->mu6,59.242795325639335,floor_friction_1.5,102.16514387446622,8.126666666666667,42.92234854882689,42.92234854882689,1842.3280049469818
11,mu6->mu5,69.61848326670285,floor_friction_1.5,118.65428932175428,8.126666666666667,49.035806055051424,49.035806055051424,2404.5102754686177
12,mu5->mu4,76.28941861499858,floor_friction_1.5,169.654749878824,11.84,93.36533126382541,93.36533126382541,8717.085082003854
13,mu4->mu3,71.6809426474985,floor_friction_1.5,88.45285964654421,8.28,16.771916999045715,16.771916999045715,281.2971998228786
14,mu3->mu2,82.7665833672965,floor_friction_1.5,109.90793884016088,10.193333333333333,27.141355472864376,27.141355472864376,736.653176904385
0,mu1->mu2,70.76015488769241,floor_friction_3.0,157.79019653423836,14.913333333333332,87.03004164654595,87.03004164654595,7574.228148999523
1,mu2->mu3,69.8860668899035,floor_friction_3.0,73.67437433458431,17.313333333333333,3.788307444680811,3.788307444680811,14.351273295424056
2,mu3->mu4,94.59434099770256,floor_friction_3.0,177.38362467207213,18.566666666666666,82.78928367436957,82.78928367436957,6854.065491315236
3,mu4->mu5,100.93387788469836,floor_friction_3.0,154.9707525976219,15.16,54.036874712923535,54.036874712923535,2919.983828740195
4,mu5->mu6,79.77128204427612,floor_friction_3.0,99.20108043527361,18.886666666666667,19.42979839099749,19.42979839099749,377.5170655148087
5,mu6->mu7,115.83109571499895,floor_friction_3.0,86.03572781433928,8.64,-29.79536790065967,29.79536790065967,887.7639483356606
6,mu7->mu8,96.33021582528467,floor_friction_3.0,69.92165224073504,12.426666666666666,-26.408563584549626,26.408563584549626,697.4122305992006
7,mu8->mu9,46.13448925666419,floor_friction_3.0,80.03865846536875,14.813333333333333,33.904169208704566,33.904169208704566,1149.4926897324708
8,mu9->mu8,61.097407555718384,floor_friction_3.0,94.50105123247795,12.033333333333333,33.403643676759565,33.403643676759565,1115.8034108839192
9,mu8->mu7,84.58924256956202,floor_friction_3.0,92.8712024866737,13.779999999999998,8.281959917111678,8.281959917111678,68.59086006864447
10,mu7->mu6,59.242795325639335,floor_friction_3.0,132.28997421641716,15.953333333333333,73.04717889077783,73.04717889077783,5335.890343901298
11,mu6->mu5,69.61848326670285,floor_friction_3.0,130.48180894108916,14.326666666666664,60.8633256743863,60.8633256743863,3704.344412146411
12,mu5->mu4,76.28941861499858,floor_friction_3.0,170.86266726734286,16.626666666666665,94.57324865234428,94.57324865234428,8944.099360658138
13,mu4->mu3,71.6809426474985,floor_friction_3.0,75.99965919201495,15.713333333333333,4.318716544516448,4.318716544516448,18.65131259188009
14,mu3->mu2,82.7665833672965,floor_friction_3.0,94.4905729229067,13.726666666666665,11.723989555610189,11.723989555610189,137.45193110005678
0,mu1->mu2,70.76015488769241,contact_disabled,12.377030343932965,0.0,-58.38312454375944,58.38312454375944,3408.589231492126
1,mu2->mu3,69.8860668899035,contact_disabled,8.43641206591026,0.0,-61.44965482399324,61.44965482399324,3776.060077987916
2,mu3->mu4,94.59434099770256,contact_disabled,7.953751875014262,0.0,-86.6405891226883,86.6405891226883,7506.591683526493
3,mu4->mu5,100.93387788469836,contact_disabled,11.138586245665747,0.0,-89.79529163903261,89.79529163903261,8063.1944005389205
4,mu5->mu6,79.77128204427612,contact_disabled,12.346591694077851,0.0,-67.42469035019826,67.42469035019826,4546.0888688201185
5,mu6->mu7,115.83109571499895,contact_disabled,15.31875579238454,0.0,-100.51233992261442,100.51233992261442,10102.730476719187
6,mu7->mu8,96.33021582528467,contact_disabled,8.561967881288764,0.0,-87.7682479439959,87.7682479439959,7703.265347158741
7,mu8->mu9,46.13448925666419,contact_disabled,12.548563954220946,0.0,-33.58592530244324,33.58592530244324,1128.0143784212974
8,mu9->mu8,61.097407555718384,contact_disabled,11.579000841970522,0.0,-49.518406713747865,49.518406713747865,2452.0726034681497
9,mu8->mu7,84.58924256956202,contact_disabled,8.851907018041668,0.0,-75.73733555152035,75.73733555152035,5736.143996443588
10,mu7->mu6,59.242795325639335,contact_disabled,14.045277666308838,0.0,-45.1975176593305,45.1975176593305,2042.8156025654926
11,mu6->mu5,69.61848326670285,contact_disabled,12.195936903694122,0.0,-57.422546363008735,57.422546363008735,3297.3488308118876
12,mu5->mu4,76.28941861499858,contact_disabled,10.08483345980763,0.0,-66.20458515519095,66.20458515519095,4383.047095570931
13,mu4->mu3,71.6809426474985,contact_disabled,8.574564889681847,0.0,-63.10637775781665,63.10637775781665,3982.4149137122563
14,mu3->mu2,82.7665833672965,contact_disabled,8.574890334579527,0.0,-74.19169303271698,74.19169303271698,5504.407315060906
0,mu1->mu2,70.76015488769241,gravity_disabled,27.400546985604535,0.56,-43.35960790208787,43.35960790208787,1880.0555974228012
1,mu2->mu3,69.8860668899035,gravity_disabled,8.41137406718162,0.0,-61.474692822721885,61.474692822721885,3779.137857648014
2,mu3->mu4,94.59434099770256,gravity_disabled,126.51168471008741,4.52,31.91734371238485,31.91734371238485,1018.7168296545126
3,mu4->mu5,100.93387788469836,gravity_disabled,71.30863047159582,4.8933333333333335,-29.625247413102542,29.625247413102542,877.6552842875388
4,mu5->mu6,79.77128204427612,gravity_disabled,38.49395514209816,2.3066666666666666,-41.27732690217796,41.27732690217796,1703.8177161892645
5,mu6->mu7,115.83109571499895,gravity_disabled,16.110468014745518,0.0,-99.72062770025343,99.72062770025343,9944.203588932553
6,mu7->mu8,96.33021582528467,gravity_disabled,8.615242482235084,0.0,-87.71497334304958,87.71497334304958,7693.916548571899
7,mu8->mu9,46.13448925666419,gravity_disabled,16.78414557357935,1.0133333333333334,-29.350343683084837,29.350343683084837,861.442674315198
8,mu9->mu8,61.097407555718384,gravity_disabled,10.855079540091138,0.0,-50.242328015627244,50.242328015627244,2524.2915244298824
9,mu8->mu7,84.58924256956202,gravity_disabled,8.779657228500568,0.0,-75.80958534106145,75.80958534106145,5747.093229583679
10,mu7->mu6,59.242795325639335,gravity_disabled,30.894258797079296,1.56,-28.34853652856004,28.34853652856004,803.639523311103
11,mu6->mu5,69.61848326670285,gravity_disabled,71.00152604812995,3.8333333333333335,1.3830427814270934,1.3830427814270934,1.9128073352575907
12,mu5->mu4,76.28941861499858,gravity_disabled,122.07560322081949,4.113333333333333,45.78618460582091,45.78618460582091,2096.3747007583115
13,mu4->mu3,71.6809426474985,gravity_disabled,10.405542755513611,0.5,-61.27539989198489,61.27539989198489,3754.674631922662
14,mu3->mu2,82.7665833672965,gravity_disabled,8.597747896125327,0.0,-74.16883547117118,74.16883547117118,5501.01615514966
0,mu1->mu2,70.76015488769241,allkp_10,77.13079039736724,9.926666666666666,6.370635509674827,6.370635509674827,40.58499679712984
1,mu2->mu3,69.8860668899035,allkp_10,70.57962015326981,8.62,0.6935532633663115,0.6935532633663115,0.48101612912606023
2,mu3->mu4,94.59434099770256,allkp_10,111.32243108179765,11.72,16.728090084095086,16.728090084095086,279.8289978616003
3,mu4->mu5,100.93387788469836,allkp_10,98.43930235696814,12.14,-2.4945755277302197,2.4945755277302197,6.222907063550505
4,mu5->mu6,79.77128204427612,allkp_10,63.16288015015344,5.8133333333333335,-16.60840189412268,16.60840189412268,275.8390134766978
5,mu6->mu7,115.83109571499895,allkp_10,50.82606741967202,5.286666666666667,-65.00502829532692,65.00502829532692,4225.653703676254
6,mu7->mu8,96.33021582528467,allkp_10,55.30061408041628,5.24,-41.02960174486839,41.02960174486839,1683.428219342507
7,mu8->mu9,46.13448925666419,allkp_10,57.69145124382148,8.626666666666667,11.556961987157294,11.556961987157294,133.56337037259865
8,mu9->mu8,61.097407555718384,allkp_10,57.5678031880798,5.933333333333334,-3.5296043676385835,3.5296043676385835,12.458106992053365
9,mu8->mu7,84.58924256956202,allkp_10,74.85904825338102,6.966666666666667,-9.730194316180999,9.730194316180999,94.67668143064101
10,mu7->mu6,59.242795325639335,allkp_10,73.77189949981708,3.9666666666666672,14.529104174177746,14.529104174177746,211.0948681041092
11,mu6->mu5,69.61848326670285,allkp_10,83.46505692257332,10.14,13.846573655870472,13.846573655870472,191.72760200744617
12,mu5->mu4,76.28941861499858,allkp_10,109.80512110857623,9.16,33.51570249357765,33.51570249357765,1123.302313638007
13,mu4->mu3,71.6809426474985,allkp_10,62.24526351709303,4.366666666666666,-9.435679130405468,9.435679130405468,89.0320406519693
14,mu3->mu2,82.7665833672965,allkp_10,75.74424716578145,7.159999999999999,-7.02233620151506,7.02233620151506,49.31320572710896
0,mu1->mu2,70.76015488769241,allkp_12,89.78163531850839,9.3,19.021480430815984,19.021480430815984,361.81671777991545
1,mu2->mu3,69.8860668899035,allkp_12,73.80907841067607,4.0,3.9230115207725618,3.9230115207725618,15.390019392114247
2,mu3->mu4,94.59434099770256,allkp_12,128.01925177183605,9.72,33.424910774133494,33.424910774133494,1117.2246602587854
3,mu4->mu5,100.93387788469836,allkp_12,113.38709558143799,10.24,12.453217696739628,12.453217696739628,155.08263100238906
4,mu5->mu6,79.77128204427612,allkp_12,62.99784173977237,5.6,-16.77344030450375,16.77344030450375,281.34829964875087
5,mu6->mu7,115.83109571499895,allkp_12,54.305169382911444,3.88,-61.52592633208751,61.52592633208751,3785.439611021459
6,mu7->mu8,96.33021582528467,allkp_12,58.46648050389939,6.066666666666666,-37.86373532138528,37.86373532138528,1433.6624524879192
7,mu8->mu9,46.13448925666419,allkp_12,60.73790713208727,7.68,14.603417875423084,14.603417875423084,213.25981364422645
8,mu9->mu8,61.097407555718384,allkp_12,62.77302699755283,5.546666666666667,1.6756194418344492,1.6756194418344492,2.8077005138535913
9,mu8->mu7,84.58924256956202,allkp_12,78.94609904938059,4.586666666666667,-5.643143520181425,5.643143520181425,31.84506878936561
10,mu7->mu6,59.242795325639335,allkp_12,72.14016380032632,4.013333333333334,12.897368474686985,12.897368474686985,166.3421135718497
11,mu6->mu5,69.61848326670285,allkp_12,88.89054678662951,8.186666666666667,19.27206351992666,19.27206351992666,371.41243231608803
12,mu5->mu4,76.28941861499858,allkp_12,119.69523245927,9.393333333333333,43.40581384427142,43.40581384427142,1884.0646754835445
13,mu4->mu3,71.6809426474985,allkp_12,64.0922037105846,6.94,-7.588738936913899,7.588738936913899,57.58895865263309
14,mu3->mu2,82.7665833672965,allkp_12,80.07440747425412,5.006666666666667,-2.692175893042389,2.692175893042389,7.247811039078585
0,mu1->mu2,70.76015488769241,allkp_15,107.29629336815881,6.233333333333333,36.536138480466406,36.536138480466406,1334.889415063818
1,mu2->mu3,69.8860668899035,allkp_15,72.03713849068272,6.266666666666667,2.1510716007792183,2.1510716007792183,4.627109031678869
2,mu3->mu4,94.59434099770256,allkp_15,143.29913217297616,7.58,48.7047911752736,48.7047911752736,2372.156683427009
3,mu4->mu5,100.93387788469836,allkp_15,126.35183930155912,8.046666666666667,25.417961416860763,25.417961416860763,646.0727625890224
4,mu5->mu6,79.77128204427612,allkp_15,65.36297029344186,5.486666666666666,-14.408311750834258,14.408311750834258,207.59944750922855
5,mu6->mu7,115.83109571499895,allkp_15,56.281047289270944,3.7866666666666666,-59.55004842572801,59.55004842572801,3546.208267506551
6,mu7->mu8,96.33021582528467,allkp_15,64.2489253312275,7.720000000000001,-32.08129049405717,32.08129049405717,1029.209199764083
7,mu8->mu9,46.13448925666419,allkp_15,61.71888609192676,8.533333333333333,15.584396835262574,15.584396835262574,242.87342471894212
8,mu9->mu8,61.097407555718384,allkp_15,67.03460277264499,6.366666666666666,5.937195216926604,5.937195216926604,35.250287043896144
9,mu8->mu7,84.58924256956202,allkp_15,83.4982087700424,5.3533333333333335,-1.0910337995196215,1.0910337995196215,1.1903547516942217
10,mu7->mu6,59.242795325639335,allkp_15,73.20189172995565,4.3,13.959096404316313,13.959096404316313,194.8563724249966
11,mu6->mu5,69.61848326670285,allkp_15,93.7298217266925,7.886666666666668,24.111338459989653,24.111338459989653,581.3566423321762
12,mu5->mu4,76.28941861499858,allkp_15,132.33428822362384,9.926666666666666,56.04486960862526,56.04486960862526,3141.0274094478077
13,mu4->mu3,71.6809426474985,allkp_15,70.05240375922548,11.52,-1.6285388882730132,1.6285388882730132,2.6521389106175017
14,mu3->mu2,82.7665833672965,allkp_15,86.46661721654536,5.74,3.700033849248854,3.700033849248854,13.69025048558729
0,mu1->mu2,70.76015488769241,allkp_18,118.45073846506833,4.46,47.69058357737592,47.69058357737592,2274.3917619506774
1,mu2->mu3,69.8860668899035,allkp_18,74.62602635388484,11.153333333333334,4.739959463981336,4.739959463981336,22.467215720186232
2,mu3->mu4,94.59434099770256,allkp_18,152.70227601085224,7.966666666666667,58.107935013149685,58.107935013149685,3376.5321114924272
3,mu4->mu5,100.93387788469836,allkp_18,133.34702717421877,8.74,32.413149289520405,32.413149289520405,1050.612246864737
4,mu5->mu6,79.77128204427612,allkp_18,67.56571539523844,5.573333333333333,-12.205566649037678,12.205566649037678,148.97585722410085
5,mu6->mu7,115.83109571499895,allkp_18,56.906741229008254,3.6333333333333337,-58.9243544859907,58.9243544859907,3472.079551590692
6,mu7->mu8,96.33021582528467,allkp_18,67.39292626654249,6.506666666666666,-28.93728955874218,28.93728955874218,837.3667270064892
7,mu8->mu9,46.13448925666419,allkp_18,62.50934618733286,8.326666666666666,16.37485693066867,16.37485693066867,268.1359394998678
8,mu9->mu8,61.097407555718384,allkp_18,70.71967004049752,7.386666666666668,9.622262484779135,9.622262484779135,92.58793532598794
9,mu8->mu7,84.58924256956202,allkp_18,89.24566503661443,5.733333333333333,4.656422467052408,4.656422467052408,21.682270191670437
10,mu7->mu6,59.242795325639335,allkp_18,74.69590553624529,4.566666666666666,15.453110210605956,15.453110210605956,238.79861518113407
11,mu6->mu5,69.61848326670285,allkp_18,97.32414254595679,7.773333333333333,27.705659279253936,27.705659279253936,767.6035560981097
12,mu5->mu4,76.28941861499858,allkp_18,143.36475352890832,11.22,67.07533491390974,67.07533491390974,4499.100553813159
13,mu4->mu3,71.6809426474985,allkp_18,75.61161523731676,10.76,3.9306725898182577,3.9306725898182577,15.45018700834857
14,mu3->mu2,82.7665833672965,allkp_18,92.14147382343091,5.446666666666666,9.374890456134409,9.374890456134409,87.88857106452002
0,mu1->mu2,70.76015488769241,allkp_20,124.95470503028885,4.366666666666666,54.19455014259644,54.19455014259644,2937.0492651584
1,mu2->mu3,69.8860668899035,allkp_20,77.6187965587002,9.746666666666666,7.7327296687966935,7.7327296687966935,59.795108130688625
2,mu3->mu4,94.59434099770256,allkp_20,158.74330453463685,8.206666666666667,64.14896353693429,64.14896353693429,4115.089522862925
3,mu4->mu5,100.93387788469836,allkp_20,138.0180329546514,9.373333333333333,37.08415506995304,37.08415506995304,1375.2345572523238
4,mu5->mu6,79.77128204427612,allkp_20,69.39720546524278,5.6866666666666665,-10.374076579033343,10.374076579033343,107.62146486764814
5,mu6->mu7,115.83109571499895,allkp_20,58.856256559478155,3.6666666666666665,-56.9748391555208,56.9748391555208,3246.1322967974656
6,mu7->mu8,96.33021582528467,allkp_20,68.9777615517799,5.6866666666666665,-27.35245427350476,27.35245427350476,748.1567547841689
7,mu8->mu9,46.13448925666419,allkp_20,62.229633170652576,7.753333333333333,16.095143913988387,16.095143913988387,259.05365761199744
8,mu9->mu8,61.097407555718384,allkp_20,71.5408342085646,6.82,10.44342665284622,10.44342665284622,109.0651602533788
9,mu8->mu7,84.58924256956202,allkp_20,92.38811607665266,6.540000000000001,7.798873507090647,7.798873507090647,60.82242797960037
10,mu7->mu6,59.242795325639335,allkp_20,76.35133429626609,5.06,17.108538970626753,17.108538970626753,292.7021057094543
11,mu6->mu5,69.61848326670285,allkp_20,100.0743994352158,7.693333333333333,30.455916168512942,30.455916168512942,927.5628296634881
12,mu5->mu4,76.28941861499858,allkp_20,150.3982161730777,11.766666666666667,74.10879755807913,74.10879755807913,5492.113875504356
13,mu4->mu3,71.6809426474985,allkp_20,79.08442271673246,9.973333333333333,7.403480069233964,7.403480069233964,54.81151713554455
14,mu3->mu2,82.7665833672965,allkp_20,94.25685332231451,5.493333333333333,11.490269955018007,11.490269955018007,132.02630363918954
0,mu1->mu2,70.76015488769241,framekp_20_legkp_10,94.39563892042082,8.126666666666667,23.635484032728414,23.635484032728414,558.6361054613598
1,mu2->mu3,69.8860668899035,framekp_20_legkp_10,66.56431013327759,4.84,-3.3217567566259163,3.3217567566259163,11.034067950189927
2,mu3->mu4,94.59434099770256,framekp_20_legkp_10,119.73648685714302,10.38,25.14214585944046,25.14214585944046,632.1274984173791
3,mu4->mu5,100.93387788469836,framekp_20_legkp_10,109.39158433991516,10.66,8.457706455216794,8.457706455216794,71.53279848261583
4,mu5->mu6,79.77128204427612,framekp_20_legkp_10,60.42793101957635,5.426666666666667,-19.34335102469977,19.34335102469977,374.1652288647537
5,mu6->mu7,115.83109571499895,framekp_20_legkp_10,55.45772853603521,4.06,-60.37336717896374,60.37336717896374,3644.943464525976
6,mu7->mu8,96.33021582528467,framekp_20_legkp_10,58.31347346216499,6.779999999999999,-38.016742363119675,38.016742363119675,1445.2726999038182
7,mu8->mu9,46.13448925666419,framekp_20_legkp_10,59.788211769427946,8.573333333333334,13.653722512763757,13.653722512763757,186.42413845555183
8,mu9->mu8,61.097407555718384,framekp_20_legkp_10,61.37259372589365,5.986666666666666,0.27518617017526736,0.27518617017526736,0.07572742825573121
9,mu8->mu7,84.58924256956202,framekp_20_legkp_10,82.31553805584711,4.68,-2.273704513714904,2.273704513714904,5.169732215687527
10,mu7->mu6,59.242795325639335,framekp_20_legkp_10,65.57168219358998,4.1466666666666665,6.328886867950644,6.328886867950644,40.054808987318104
11,mu6->mu5,69.61848326670285,framekp_20_legkp_10,86.16008836791472,8.586666666666666,16.54160510121187,16.54160510121187,273.6246993244386
12,mu5->mu4,76.28941861499858,framekp_20_legkp_10,110.22618926451348,9.106666666666667,33.9367706495149,33.9367706495149,1151.7044021177758
13,mu4->mu3,71.6809426474985,framekp_20_legkp_10,66.67321905304198,4.933333333333334,-5.007723594456522,5.007723594456522,25.077295598476546
14,mu3->mu2,82.7665833672965,framekp_20_legkp_10,83.22390270292,4.873333333333333,0.45731933562349525,0.45731933562349525,0.2091409747351151
0,mu1->mu2,70.76015488769241,framekp_30_legkp_10,103.19904979650263,7.493333333333334,32.43889490881023,32.43889490881023,1052.281902904834
1,mu2->mu3,69.8860668899035,framekp_30_legkp_10,65.18685754958302,6.266666666666667,-4.699209340320479,4.699209340320479,22.082568424155234
2,mu3->mu4,94.59434099770256,framekp_30_legkp_10,122.19521344224071,9.326666666666666,27.600872444538155,27.600872444538155,761.8081596996656
3,mu4->mu5,100.93387788469836,framekp_30_legkp_10,113.64413860751065,10.18,12.710260722812293,12.710260722812293,161.55072764186488
4,mu5->mu6,79.77128204427612,framekp_30_legkp_10,59.364956791520534,5.42,-20.406325252755586,20.406325252755586,416.4181103212503
5,mu6->mu7,115.83109571499895,framekp_30_legkp_10,59.78361697453097,3.8733333333333335,-56.04747874046798,56.04747874046798,3141.31987316321
6,mu7->mu8,96.33021582528467,framekp_30_legkp_10,61.867617009963865,7.793333333333334,-34.4625988153208,34.4625988153208,1187.6707171057508
7,mu8->mu9,46.13448925666419,framekp_30_legkp_10,55.84049209071829,8.366666666666667,9.706002834054104,9.706002834054104,94.2064910146663
8,mu9->mu8,61.097407555718384,framekp_30_legkp_10,62.471201965784964,6.033333333333333,1.37379441006658,1.37379441006658,1.8873110811301825
9,mu8->mu7,84.58924256956202,framekp_30_legkp_10,84.57033878427063,4.953333333333333,-0.01890378529138559,0.01890378529138559,0.0003573530983428061
10,mu7->mu6,59.242795325639335,framekp_30_legkp_10,63.99513758148858,4.566666666666666,4.752342255849243,4.752342255849243,22.58475691673027
11,mu6->mu5,69.61848326670285,framekp_30_legkp_10,84.85162773355995,9.053333333333333,15.233144466857098,15.233144466857098,232.04869034813902
12,mu5->mu4,76.28941861499858,framekp_30_legkp_10,111.55396981568836,9.34,35.26455120068978,35.26455120068978,1243.588571386071
13,mu4->mu3,71.6809426474985,framekp_30_legkp_10,67.86446970918982,6.966666666666667,-3.816472938308678,3.816472938308678,14.565465688842474
14,mu3->mu2,82.7665833672965,framekp_30_legkp_10,85.52834233195824,5.053333333333334,2.7617589646617375,2.7617589646617375,7.627312578889472
0,mu1->mu2,70.76015488769241,framekp_40_legkp_10,111.98787270183148,7.08,41.22771781413907,41.22771781413907,1699.72471616228
1,mu2->mu3,69.8860668899035,framekp_40_legkp_10,65.45951980894365,6.840000000000001,-4.42654708095985,4.42654708095985,19.594319059954167
2,mu3->mu4,94.59434099770256,framekp_40_legkp_10,123.05032716404125,8.386666666666667,28.45598616633869,28.45598616633869,809.7431486988589
3,mu4->mu5,100.93387788469836,framekp_40_legkp_10,116.31470680389728,9.626666666666667,15.380828919198919,15.380828919198919,236.56989824166578
4,mu5->mu6,79.77128204427612,framekp_40_legkp_10,58.91347226374747,5.506666666666667,-20.857809780528648,20.857809780528648,435.0482288407165
5,mu6->mu7,115.83109571499895,framekp_40_legkp_10,62.0842789102514,3.8600000000000003,-53.74681680474755,53.74681680474755,2888.720316643094
6,mu7->mu8,96.33021582528467,framekp_40_legkp_10,64.51714234767843,8.54,-31.81307347760624,31.81307347760624,1012.0716440915735
7,mu8->mu9,46.13448925666419,framekp_40_legkp_10,55.75684663508908,8.293333333333333,9.622357378424894,9.622357378424894,92.589761518128
8,mu9->mu8,61.097407555718384,framekp_40_legkp_10,64.09567570314437,6.046666666666667,2.998268147425982,2.998268147425982,8.98961188386923
9,mu8->mu7,84.58924256956202,framekp_40_legkp_10,86.71504883868121,4.96,2.1258062691191952,2.1258062691191952,4.519052293826472
10,mu7->mu6,59.242795325639335,framekp_40_legkp_10,65.8644059312546,4.966666666666667,6.62161060561526,6.62161060561526,43.84572701239649
11,mu6->mu5,69.61848326670285,framekp_40_legkp_10,84.49161393971048,9.086666666666666,14.873130673007623,14.873130673007623,221.21001601636019
12,mu5->mu4,76.28941861499858,framekp_40_legkp_10,112.54173100794716,9.42,36.25231239294858,36.25231239294858,1314.2301538359334
13,mu4->mu3,71.6809426474985,framekp_40_legkp_10,68.83502820891879,8.5,-2.8459144385797117,2.8459144385797117,8.099228991716476
14,mu3->mu2,82.7665833672965,framekp_40_legkp_10,87.11240618543911,5.08,4.345822818142608,4.345822818142608,18.88617596668896
0,mu1->mu2,70.76015488769241,framekp_50_legkp_10,125.22528996458573,6.519999999999999,54.46513507689332,54.46513507689332,2966.450938944235
1,mu2->mu3,69.8860668899035,framekp_50_legkp_10,66.19110209890583,7.213333333333333,-3.6949647909976733,3.6949647909976733,13.65276480671248
2,mu3->mu4,94.59434099770256,framekp_50_legkp_10,123.11835997265186,7.7333333333333325,28.5240189749493,28.5240189749493,813.6196584832677
3,mu4->mu5,100.93387788469836,framekp_50_legkp_10,118.35641433990125,9.16,17.422536455202888,17.422536455202888,303.5447765328736
4,mu5->mu6,79.77128204427612,framekp_50_legkp_10,59.005657075628804,5.82,-20.765624968647316,20.765624968647316,431.2111803385088
5,mu6->mu7,115.83109571499895,framekp_50_legkp_10,64.10096089255516,3.8199999999999994,-51.73013482244379,51.73013482244379,2676.0068487482113
6,mu7->mu8,96.33021582528467,framekp_50_legkp_10,67.05817076263668,8.8,-29.27204506264799,29.27204506264799,856.8526221496945
7,mu8->mu9,46.13448925666419,framekp_50_legkp_10,57.25713218531612,8.333333333333334,11.122642928651928,11.122642928651928,123.71318571829073
8,mu9->mu8,61.097407555718384,framekp_50_legkp_10,65.92092420083462,5.6466666666666665,4.823516645116236,4.823516645116236,23.266312825713385
9,mu8->mu7,84.58924256956202,framekp_50_legkp_10,88.30041036339317,4.966666666666667,3.7111677938311516,3.7111677938311516,13.772766393969578
10,mu7->mu6,59.242795325639335,framekp_50_legkp_10,67.38341073333552,5.3133333333333335,8.140615407696188,8.140615407696188,66.26961921602057
11,mu6->mu5,69.61848326670285,framekp_50_legkp_10,86.24072157984136,8.886666666666667,16.62223831313851,16.62223831313851,276.2988065387698
12,mu5->mu4,76.28941861499858,framekp_50_legkp_10,114.01009577815125,9.46,37.72067716315267,37.72067716315267,1422.8494856467876
13,mu4->mu3,71.6809426474985,framekp_50_legkp_10,69.9956318430229,9.313333333333333,-1.6853108044755913,1.6853108044755913,2.840272507682165
14,mu3->mu2,82.7665833672965,framekp_50_legkp_10,88.63781056019083,5.053333333333334,5.871227192894324,5.871227192894324,34.47130875058176
0,mu1->mu2,70.76015488769241,framekp_20_legkp_15,114.45913431167423,4.946666666666666,43.698979423981825,43.698979423981825,1909.600802697587
1,mu2->mu3,69.8860668899035,framekp_20_legkp_15,70.32265650219813,8.22,0.43658961229462534,0.43658961229462534,0.19061048956357127
2,mu3->mu4,94.59434099770256,framekp_20_legkp_15,143.22495551586888,7.706666666666666,48.630614518166325,48.630614518166325,2364.9366684144893
3,mu4->mu5,100.93387788469836,framekp_20_legkp_15,127.53448648957661,8.166666666666666,26.600608604878246,26.600608604878246,707.5923781499226
4,mu5->mu6,79.77128204427612,framekp_20_legkp_15,64.84244253409874,5.52,-14.928839510177383,14.928839510177383,222.87024912063328
5,mu6->mu7,115.83109571499895,framekp_20_legkp_15,58.03860568202833,3.72,-57.79249003297062,57.79249003297062,3339.971904211008
6,mu7->mu8,96.33021582528467,framekp_20_legkp_15,65.94962328149505,7.173333333333334,-30.380592543789618,30.380592543789618,922.9804033117654
7,mu8->mu9,46.13448925666419,framekp_20_legkp_15,60.6135881097641,8.48,14.479098853099913,14.479098853099913,209.6443035978392
8,mu9->mu8,61.097407555718384,framekp_20_legkp_15,67.55898609107118,7.959999999999999,6.461578535352793,6.461578535352793,41.75199716853194
9,mu8->mu7,84.58924256956202,framekp_20_legkp_15,86.55606127929495,5.706666666666667,1.9668187097329337,1.9668187097329337,3.868375836955522
10,mu7->mu6,59.242795325639335,framekp_20_legkp_15,72.49749249320352,4.513333333333334,13.254697167564188,13.254697167564188,175.6869970038341
11,mu6->mu5,69.61848326670285,framekp_20_legkp_15,92.66927509224881,7.7666666666666675,23.050791825545957,23.050791825545957,531.3390037846564
12,mu5->mu4,76.28941861499858,framekp_20_legkp_15,132.94374183618916,10.12,56.65432322119058,56.65432322119058,3209.7123396511342
13,mu4->mu3,71.6809426474985,framekp_20_legkp_15,73.68293038046967,11.486666666666666,2.0019877329711733,2.0019877329711733,4.0079548829670575
14,mu3->mu2,82.7665833672965,framekp_20_legkp_15,90.28828143457577,5.506666666666667,7.52169806727926,7.52169806727926,56.57594181531256
0,mu1->mu2,70.76015488769241,framekp_30_legkp_15,123.76282762516112,4.46,53.002672737468714,53.002672737468714,2809.2833173152094
1,mu2->mu3,69.8860668899035,framekp_30_legkp_15,71.97014938187604,10.653333333333334,2.084082491972538,2.084082491972538,4.343399833346463
2,mu3->mu4,94.59434099770256,framekp_30_legkp_15,143.13076440719237,7.773333333333333,48.536423409489814,48.536423409489814,2355.784397385271
3,mu4->mu5,100.93387788469836,framekp_30_legkp_15,129.12430042046637,8.66,28.190422535768008,28.190422535768008,794.6999227451367
4,mu5->mu6,79.77128204427612,framekp_30_legkp_15,64.87790917293789,6.1,-14.89337287133823,14.89337287133823,221.81255548471353
5,mu6->mu7,115.83109571499895,framekp_30_legkp_15,62.22717376372359,3.646666666666667,-53.60392195127536,53.60392195127536,2873.3804485584205
6,mu7->mu8,96.33021582528467,framekp_30_legkp_15,68.80341738929543,6.826666666666666,-27.526798435989235,27.526798435989235,757.7246321355794
7,mu8->mu9,46.13448925666419,framekp_30_legkp_15,59.47754075967491,7.779999999999999,13.34305150301072,13.34305150301072,178.03702341199664
8,mu9->mu8,61.097407555718384,framekp_30_legkp_15,66.373170464163,7.4,5.275762908444612,5.275762908444612,27.833674266119953
9,mu8->mu7,84.58924256956202,framekp_30_legkp_15,89.88784754368355,5.573333333333333,5.298604974121531,5.298604974121531,28.07521467178543
10,mu7->mu6,59.242795325639335,framekp_30_legkp_15,73.18952273039528,5.44,13.946727404755947,13.946727404755947,194.51120530257054
11,mu6->mu5,69.61848326670285,framekp_30_legkp_15,92.87297083298787,7.633333333333335,23.25448756628502,23.25448756628502,540.7711919705047
12,mu5->mu4,76.28941861499858,framekp_30_legkp_15,133.65410848174992,10.546666666666667,57.364689866751334,57.364689866751334,3290.7076435085633
13,mu4->mu3,71.6809426474985,framekp_30_legkp_15,77.00348885745366,11.146666666666667,5.3225462099551635,5.3225462099551635,28.329498157108077
14,mu3->mu2,82.7665833672965,framekp_30_legkp_15,92.18603323920512,5.26,9.419449871908611,9.419449871908611,88.72603588939916
0,mu1->mu2,70.76015488769241,framekp_40_legkp_15,135.34805868205464,4.406666666666666,64.58790379436223,64.58790379436223,4171.597316549792
1,mu2->mu3,69.8860668899035,framekp_40_legkp_15,73.86754291552207,10.106666666666667,3.981476025618562,3.981476025618562,15.852151342575382
2,mu3->mu4,94.59434099770256,framekp_40_legkp_15,143.00566887864989,7.833333333333333,48.411327880947326,48.411327880947326,2343.656667196588
3,mu4->mu5,100.93387788469836,framekp_40_legkp_15,130.32652070063895,8.92,29.39264281594059,29.39264281594059,863.927451705464
4,mu5->mu6,79.77128204427612,framekp_40_legkp_15,66.75738480700278,6.946666666666667,-13.01389723727334,13.01389723727334,169.36152130231068
5,mu6->mu7,115.83109571499895,framekp_40_legkp_15,65.28659001897907,3.62,-50.54450569601988,50.54450569601988,2554.7470560549864
6,mu7->mu8,96.33021582528467,framekp_40_legkp_15,71.28377283461082,6.586666666666668,-25.046442990673853,25.046442990673853,627.3243064850753
7,mu8->mu9,46.13448925666419,framekp_40_legkp_15,59.22906987875082,8.113333333333333,13.094580622086632,13.094580622086632,171.46804166832672
8,mu9->mu8,61.097407555718384,framekp_40_legkp_15,68.80838158325864,7.8,7.710974027540253,7.710974027540253,59.45912045340035
9,mu8->mu7,84.58924256956202,framekp_40_legkp_15,91.22558736422792,5.4,6.636344794665902,6.636344794665902,44.04107223368921
10,mu7->mu6,59.242795325639335,framekp_40_legkp_15,75.2698908227597,6.466666666666667,16.02709549712037,16.02709549712037,256.8677900738161
11,mu6->mu5,69.61848326670285,framekp_40_legkp_15,94.1383494102989,7.62,24.519866143596047,24.519866143596047,601.2238356998677
12,mu5->mu4,76.28941861499858,framekp_40_legkp_15,134.96940806056267,11.22,58.67998944556409,58.67998944556409,3443.341161331513
13,mu4->mu3,71.6809426474985,framekp_40_legkp_15,78.49384046201683,10.78,6.812897814518337,6.812897814518337,46.41557663106873
14,mu3->mu2,82.7665833672965,framekp_40_legkp_15,93.02038544645337,5.1466666666666665,10.25380207915687,10.25380207915687,105.14045707852175
0,mu1->mu2,70.76015488769241,framekp_50_legkp_15,152.13426771790353,4.44,81.37411283021112,81.37411283021112,6621.746238903929
1,mu2->mu3,69.8860668899035,framekp_50_legkp_15,74.95864521728765,9.733333333333333,5.07257832738415,5.07257832738415,25.73105088744738
2,mu3->mu4,94.59434099770256,framekp_50_legkp_15,142.88111933050732,8.56,48.28677833280476,48.28677833280476,2331.612961761423
3,mu4->mu5,100.93387788469836,framekp_50_legkp_15,131.26187205024698,9.346666666666666,30.327994165548617,30.327994165548617,919.787230105551
4,mu5->mu6,79.77128204427612,framekp_50_legkp_15,69.06366879246207,7.68,-10.707613251814053,10.707613251814053,114.6529815504239
5,mu6->mu7,115.83109571499895,framekp_50_legkp_15,68.32564388690848,3.6399999999999997,-47.50545182809047,47.50545182809047,2256.7679533910245
6,mu7->mu8,96.33021582528467,framekp_50_legkp_15,73.77969504244415,6.466666666666667,-22.550520782840522,22.550520782840522,508.5259875773223
7,mu8->mu9,46.13448925666419,framekp_50_legkp_15,60.58757998616983,8.326666666666666,14.45309072950564,14.45309072950564,208.89183163532186
8,mu9->mu8,61.097407555718384,framekp_50_legkp_15,69.69736097279267,7.279999999999999,8.599953417074282,8.599953417074282,73.95919877584763
9,mu8->mu7,84.58924256956202,framekp_50_legkp_15,93.08873460607765,5.866666666666666,8.499492036515633,8.499492036515633,72.24136487879267
10,mu7->mu6,59.242795325639335,framekp_50_legkp_15,77.46767569875955,7.073333333333333,18.224880373120214,18.224880373120214,332.1462646145424
11,mu6->mu5,69.61848326670285,framekp_50_legkp_15,96.24851409792721,7.6066666666666665,26.63003083122436,26.63003083122436,709.15854207196
12,mu5->mu4,76.28941861499858,framekp_50_legkp_15,136.442358524769,11.666666666666666,60.15293990977041,60.15293990977041,3618.37617978845
13,mu4->mu3,71.6809426474985,framekp_50_legkp_15,79.7637957440121,10.546666666666667,8.082853096513603,8.082853096513603,65.33251417981953
14,mu3->mu2,82.7665833672965,framekp_50_legkp_15,94.28120122486693,5.1866666666666665,11.514617857570428,11.514617857570428,132.5864244058798
0,mu1->mu2,70.76015488769241,framekp_20_legkp_20,124.95470503028885,4.366666666666666,54.19455014259644,54.19455014259644,2937.0492651584
1,mu2->mu3,69.8860668899035,framekp_20_legkp_20,77.6187965587002,9.746666666666666,7.7327296687966935,7.7327296687966935,59.795108130688625
2,mu3->mu4,94.59434099770256,framekp_20_legkp_20,158.74330453463685,8.206666666666667,64.14896353693429,64.14896353693429,4115.089522862925
3,mu4->mu5,100.93387788469836,framekp_20_legkp_20,138.0180329546514,9.373333333333333,37.08415506995304,37.08415506995304,1375.2345572523238
4,mu5->mu6,79.77128204427612,framekp_20_legkp_20,69.39720546524278,5.6866666666666665,-10.374076579033343,10.374076579033343,107.62146486764814
5,mu6->mu7,115.83109571499895,framekp_20_legkp_20,58.856256559478155,3.6666666666666665,-56.9748391555208,56.9748391555208,3246.1322967974656
6,mu7->mu8,96.33021582528467,framekp_20_legkp_20,68.9777615517799,5.6866666666666665,-27.35245427350476,27.35245427350476,748.1567547841689
7,mu8->mu9,46.13448925666419,framekp_20_legkp_20,62.229633170652576,7.753333333333333,16.095143913988387,16.095143913988387,259.05365761199744
8,mu9->mu8,61.097407555718384,framekp_20_legkp_20,71.5408342085646,6.82,10.44342665284622,10.44342665284622,109.0651602533788
9,mu8->mu7,84.58924256956202,framekp_20_legkp_20,92.38811607665266,6.540000000000001,7.798873507090647,7.798873507090647,60.82242797960037
10,mu7->mu6,59.242795325639335,framekp_20_legkp_20,76.35133429626609,5.06,17.108538970626753,17.108538970626753,292.7021057094543
11,mu6->mu5,69.61848326670285,framekp_20_legkp_20,100.0743994352158,7.693333333333333,30.455916168512942,30.455916168512942,927.5628296634881
12,mu5->mu4,76.28941861499858,framekp_20_legkp_20,150.3982161730777,11.766666666666667,74.10879755807913,74.10879755807913,5492.113875504356
13,mu4->mu3,71.6809426474985,framekp_20_legkp_20,79.08442271673246,9.973333333333333,7.403480069233964,7.403480069233964,54.81151713554455
14,mu3->mu2,82.7665833672965,framekp_20_legkp_20,94.25685332231451,5.493333333333333,11.490269955018007,11.490269955018007,132.02630363918954
0,mu1->mu2,70.76015488769241,framekp_30_legkp_20,139.15918037781924,4.36,68.39902549012683,68.39902549012683,4678.42668799902
1,mu2->mu3,69.8860668899035,framekp_30_legkp_20,78.45717627054141,8.42,8.571109380637907,8.571109380637907,73.46391601485912
2,mu3->mu4,94.59434099770256,framekp_30_legkp_20,159.5183611757714,10.2,64.92402017806883,64.92402017806883,4215.128396082288
3,mu4->mu5,100.93387788469836,framekp_30_legkp_20,141.5473697143624,12.866666666666669,40.61349182966403,40.61349182966403,1649.4557185981866
4,mu5->mu6,79.77128204427612,framekp_30_legkp_20,70.9406060178238,7.26,-8.830676026452323,8.830676026452323,77.9808390841598
5,mu6->mu7,115.83109571499895,framekp_30_legkp_20,64.01161484298046,3.586666666666667,-51.81948087201849,51.81948087201849,2685.25859784549
6,mu7->mu8,96.33021582528467,framekp_30_legkp_20,72.42025488527281,4.78,-23.909960940011857,23.909960940011857,571.6862321528927
7,mu8->mu9,46.13448925666419,framekp_30_legkp_20,63.85252653398957,8.34,17.71803727732538,17.71803727732538,313.9288449606917
8,mu9->mu8,61.097407555718384,framekp_30_legkp_20,69.26550774554963,5.693333333333333,8.168100189831243,8.168100189831243,66.71786071112119
9,mu8->mu7,84.58924256956202,framekp_30_legkp_20,97.29631664697246,8.74,12.70707407741044,12.70707407741044,161.46973160879637
10,mu7->mu6,59.242795325639335,framekp_30_legkp_20,78.53295835562226,6.413333333333332,19.29016302998292,19.29016302998292,372.1103897233199
11,mu6->mu5,69.61848326670285,framekp_30_legkp_20,101.58264645383112,7.526666666666666,31.964163187128264,31.964163187128264,1021.7077282533658
12,mu5->mu4,76.28941861499858,framekp_30_legkp_20,152.11377792585546,11.926666666666666,75.82435931085688,75.82435931085688,5749.333464901928
13,mu4->mu3,71.6809426474985,framekp_30_legkp_20,84.3218614523399,8.853333333333333,12.640918804841405,12.640918804841405,159.79282823059307
14,mu3->mu2,82.7665833672965,framekp_30_legkp_20,98.22129822642096,8.0,15.45471485912445,15.45471485912445,238.8482113768421
0,mu1->mu2,70.76015488769241,framekp_40_legkp_20,154.03540866639057,4.653333333333333,83.27525377869816,83.27525377869816,6934.767891906582
1,mu2->mu3,69.8860668899035,framekp_40_legkp_20,79.61799831657274,7.5,9.731931426669234,9.731931426669234,94.71048929339229
2,mu3->mu4,94.59434099770256,framekp_40_legkp_20,160.45980934496902,10.74,65.86546834726646,65.86546834726646,4338.25992060476
3,mu4->mu5,100.93387788469836,framekp_40_legkp_20,144.712161837391,13.566666666666666,43.77828395269263,43.77828395269263,1916.5381458425852
4,mu5->mu6,79.77128204427612,framekp_40_legkp_20,73.52287798334675,8.3,-6.248404060929374,6.248404060929374,39.042553308638695
5,mu6->mu7,115.83109571499895,framekp_40_legkp_20,66.38165796186715,3.56,-49.449437753131804,49.449437753131804,2445.246894100857
6,mu7->mu8,96.33021582528467,framekp_40_legkp_20,74.63984128802828,4.206666666666667,-21.69037453725639,21.69037453725639,470.4723475664603
7,mu8->mu9,46.13448925666419,framekp_40_legkp_20,63.28708847740073,8.16,17.15259922073654,17.15259922073654,294.2116600272118
8,mu9->mu8,61.097407555718384,framekp_40_legkp_20,75.05423360481643,6.173333333333333,13.956826049098048,13.956826049098048,194.79299336478184
9,mu8->mu7,84.58924256956202,framekp_40_legkp_20,99.88869796267694,9.413333333333334,15.299455393114926,15.299455393114926,234.07333532591338
10,mu7->mu6,59.242795325639335,framekp_40_legkp_20,82.79954664323479,7.526666666666666,23.556751317595456,23.556751317595456,554.9205326390353
11,mu6->mu5,69.61848326670285,framekp_40_legkp_20,102.53524107026185,7.526666666666666,32.916757803558994,32.916757803558994,1083.512944298162
12,mu5->mu4,76.28941861499858,framekp_40_legkp_20,153.64935458617333,11.893333333333333,77.35993597117475,77.35993597117475,5984.559693464257
13,mu4->mu3,71.6809426474985,framekp_40_legkp_20,86.86152364211179,7.9333333333333345,15.180580994613294,15.180580994613294,230.45003933401435
14,mu3->mu2,82.7665833672965,framekp_40_legkp_20,100.46416822016545,9.14,17.697584852868943,17.697584852868943,313.2045096244962
