Link Name,Center of Mass X,Center of Mass Y,Center of Mass Z,Center of Mass Roll,Center of Mass Pitch,Center of Mass Yaw,Mass,Moment Ixx,Moment Ixy,Moment Ixz,Moment Iyy,Moment Iyz,Moment Izz,Visual X,Visual Y,Visual Z,Visual Roll,Visual Pitch,Visual Yaw,Mesh Filename,Color Red,Color Green,Color Blue,Color Alpha,Collision X,Collision Y,Collision Z,Collision Roll,Collision Pitch,Collision Yaw,Collision Mesh Filename,Material Name,SW Components,Coordinate System,Axis Name,Joint Name,Joint Type,Joint Origin X,Joint Origin Y,Joint Origin Z,Joint Origin Roll,Joint Origin Pitch,Joint Origin Yaw,Parent,Joint Axis X,Joint Axis Y,Joint Axis Z,Limit Effort,Limit Velocity,Limit Lower,Limit Upper,Calibration rising,Calibration falling,Dynamics Damping,Dynamics Friction,Safety Soft Upper,Safety Soft Lower,Safety K Position,Safety K Velocity
frameBasLink,0.0546197894899759,0.0400171992132707,0.0213860535740171,0,0,0,316969.950067854,703.319734150714,-109.057225713742,-22.471387868825,868.352136394166,-1.57578146705821,1140.47142610207,0,0,0,0,0,0,package://crimson_stand_legInit_forSimOnly/meshes/frameBasLink.STL,1,1,1,1,0,0,0,0,0,0,package://crimson_stand_legInit_forSimOnly/meshes/frameBasLink.STL,,k.asm-1/k2_asm_1.asm-1/prt0002_39_17_25_95_61_27.prt-1;k.asm-1/k3.prt-2;k.asm-1/k2_asm_1.asm-1/a_21_22_133_95_27.prt-1;Link1_Inside-2/复件 BREP_49_1_30_25^Link1_Inside-1;Link1_Inside-2/复件 J62_14_2^Link1_Inside-1,CordBase,,,,0,0,0,0,0,0,,0,0,0,,,,,,,,,,,,
frameLink2,0.033634,0.057608,0.059691,0,0,0,370290,758.56,-3.578,100.98,1013.4,-15.577,712.74,0,0,0,0,0,0,package://crimson_stand_legInit_forSimOnly/meshes/frameLink2.STL,1,1,1,1,0,0,0,0,0,0,package://crimson_stand_legInit_forSimOnly/meshes/frameLink2.STL,,k.asm-1/k2_asm_1.asm-1/brep_1-109062_1_70_9_17_194_41_.prt-1;k.asm-1/k2_asm_1.asm-1/p3_41_9_6_208_14_13.prt-1;k.asm-1/k1.prt-5;Link2_Inside-2/复件 JT1_40_58^Link2_Inside-1;Link2_Inside-2/复件 J65_2_2^Link2_Inside-1;Link2_Inside-2/复件 J64_2_2^Link2_Inside-1;Link2_Inside-2/复件 J63_2_2^Link2_Inside-1;Link2_Inside-2/复件 J611_1_4^Link2_Inside-1,Cord1,Axis_J1,frameJoint2,revolute,0,0.079,-0.05245,1.5708,0,1.5708,frameBasLink,0,0,1,0,0,0,0,,,,,,,,
frameLink3,0.11225,-3.8077E-08,-0.00068181,0,0,0,169180,43.1,0.00068632,-1.6392E-07,76.68,1.1412E-07,63.459,0,0,0,0,0,0,package://crimson_stand_legInit_forSimOnly/meshes/frameLink3.STL,1,1,1,1,0,0,0,0,0,0,package://crimson_stand_legInit_forSimOnly/meshes/frameLink3.STL,,k.asm-1/k1.prt-3;k.asm-1/l7_7_2.prt-1;k.asm-1/k1.prt-1;Shell_Up-2;Shell_Down-1;Body_BodyShell-2/复件 X1_10_1^Body_BodyShell-1;Body_BodyShell-2/复件 X_8_1^Body_BodyShell-1;Motor_Servo-2,Cord2,Axis_J2,frameJoint3,revolute,0.079,0.05245,0,1.5708,1.5708,-3.1416,frameLink2,0,0,1,0,0,0,0,,,,,,,,
frameLink4,0.1342,-0.002438,0.0021761,0,0,0,260290,116.3,21.073,8.6694,868.84,-0.31109,925.73,0,0,0,0,0,0,package://crimson_stand_legInit_forSimOnly/meshes/frameLink4.STL,1,1,1,1,0,0,0,0,0,0,package://crimson_stand_legInit_forSimOnly/meshes/frameLink4.STL,,k.asm-1/r1_66_1_7.prt-1;k.asm-1/r2_138_4_16.prt-1;k.asm-1/r3_58_2_6.prt-1;k.asm-1/r4_28_1_2.prt-1;k.asm-1/k1.prt-2;Body_BodyShell_Notch-2/复件 ZU11_17_2^Body_BodyShell_Notch-1;Body_BodyShell_Notch-2/复件 ZU12_29_2^Body_BodyShell_Notch-1;Motor_Servo-7,Cord3,Axis_J3,frameJoint4,revolute,0.2245,0,0,0,0,0,frameLink3,0,0,1,0,0,0,0,,,,,,,,
frameLink5,0.041026,-0.058567,0.020014,0,0,0,333470,947.2,130.5,2.831,729.33,6.1503,1209.2,0,0,0,0,0,0,package://crimson_stand_legInit_forSimOnly/meshes/frameLink5.STL,1,1,1,1,0,0,0,0,0,0,package://crimson_stand_legInit_forSimOnly/meshes/frameLink5.STL,,k.asm-1/k1_asm_1.asm-1/a_21_22_164_13.prt-1;k.asm-1/k1_asm_1.asm-1/prt0002_39_17_25_95_8.prt-1;k.asm-1/k3.prt-1;Body_Link5_inside-2,Cord4,Axis_J4,frameJoint5,revolute,0.2245,0,0,0,0,1.5708,frameLink4,0,0,1,0,0,0,0,,,,,,,,
frameLink6,0.033709,-0.057893,-0.060249,0,0,0,384600,800.54,4.4091,-127.29,1071.5,-15.351,747.95,0,0,0,0,0,0,package://crimson_stand_legInit_forSimOnly/meshes/frameLink6.STL,1,1,1,1,0,0,0,0,0,0,package://crimson_stand_legInit_forSimOnly/meshes/frameLink6.STL,,k.asm-1/k1_asm_1.asm-1/brep_1-109062_1_70_9_17_194_7.prt-1;k.asm-1/k1_asm_1.asm-1/p3_41_9_6_208_6.prt-1;k.asm-1/k1.prt-4;Body_Link6_inside-2/复件 BREP_72_1_7_15_18^Body_Link6_inside-1;Body_Link6_inside-2/复件 _X2_6309952E_X0__1_1_1^Body_Link6_inside-1;Body_Link6_inside-2/复件 ____1-338302_1_1_1^Body_Link6_inside-1;Body_Link6_inside-2/复件 W4_1_1_1^Body_Link6_inside-1;Body_Link6_inside-2/复件 ASM0001_ASM^Body_Link6_inside-1/W7_1_1^复件 ASM0001_ASM_Body_Link6_inside-1;Body_Link6_inside-2/复件 ASM0001_ASM^Body_Link6_inside-1/W6_1_1^复件 ASM0001_ASM_Body_Link6_inside-1,Cord5,Axis_J5,frameJoint6,revolute,0.079,0,-0.05245,-1.5708,0,0,frameLink5,0,0,1,0,0,0,0,,,,,,,,
frameLink7,0.14739,6.1669E-06,-0.00046903,0,0,0,124220,33.082,0.019902,0.15569,60.249,8.213E-05,50.357,0,0,0,0,0,0,package://crimson_stand_legInit_forSimOnly/meshes/frameLink7.STL,1,1,1,1,0,0,0,0,0,0,package://crimson_stand_legInit_forSimOnly/meshes/frameLink7.STL,,k.asm-1/k2.prt-2;k.asm-1/l1_2_66_2.prt-1;k.asm-1/zu6_1_2-132485_3.prt-1;Shell_Up-1;Shell_Down-2;Body_BodyShell-1/复件 X1_10_1^Body_BodyShell-1;Body_BodyShell-1/复件 X_8_1^Body_BodyShell-1;Motor_Servo-1,Cord6,Axis_J6,frameJoint7,revolute,0.079,-0.05245,0,-1.5708,-1.5708,-3.1416,frameLink6,0,0,1,0,0,0,0,,,,,,,,
frameLink8,0.11936,-0.0028798,-5.2537E-05,0,0,0,196750,88.506,22.843,-0.40321,767.94,-0.033011,826.73,0,0,0,0,0,0,package://crimson_stand_legInit_forSimOnly/meshes/frameLink8.STL,1,1,1,1,0,0,0,0,0,0,package://crimson_stand_legInit_forSimOnly/meshes/frameLink8.STL,,k.asm-1/manifold_solid_brep_402995_1.prt-1;k.asm-1/manifold_solid_brep_422065_7.prt-1;k.asm-1/manifold_solid_brep_439905_5.prt-1;k.asm-1/manifold_solid_brep_391995_1.prt-1;k.asm-1/k2.prt-1;Body_BodyShell_Notch-1/复件 ZU11_17_2^Body_BodyShell_Notch-1;Body_BodyShell_Notch-1/复件 ZU12_29_2^Body_BodyShell_Notch-1;Motor_Servo-4,Cord7,Axis_J7,frameJoint8,revolute,0.2245,0,0,0,0,0,frameLink7,0,0,1,0,0,0,0,,,,,,,,
leg1Link1,0.03746,-2.5177E-05,-8.0299E-05,0,0,0,0.11085,3.5819E-05,7.4868E-14,-1.9284E-14,3.5635E-05,1.7271E-09,3.5635E-05,0,0,0,0,0,0,package://crimson_stand_legInit_forSimOnly/meshes/leg1Link1.STL,1,1,1,1,0,0,0,0,0,0,package://crimson_stand_legInit_forSimOnly/meshes/leg1Link1.STL,,LegandWheel-2/Leg_J1-1/复件 ZU10_20_1^Leg_J1-2;LegandWheel-2/Leg_J1-1/复件 ZU13_21_1^Leg_J1-1;LegandWheel-2/Leg_J1-1/复件 ZU10_20_1^Leg_J1-4;LegandWheel-2/Leg_J1-1/复件 ZU10_20_1^Leg_J1-3;LegandWheel-2/Leg_J1-1/复件 ZU10_20_1^Leg_J1-1,leg1Cord1,leg1Axis1,leg1Joint1,revolute,0.17304,-0.073664,0,0,0,-1.5708,frameLink8,0,0,1,0,0,0,0,,,,,,,,
leg1Link2,0.056725,0.011378,-0.00056886,0,0,0,0.23246,9.9219E-05,-1.3391E-05,-1.029E-07,0.00018835,-2.4985E-07,0.00022289,0,0,0,0,0,0,package://crimson_stand_legInit_forSimOnly/meshes/leg1Link2.STL,1,1,1,1,0,0,0,0,0,0,package://crimson_stand_legInit_forSimOnly/meshes/leg1Link2.STL,,LegandWheel-2/Leg_J2-1/复件 ZU8_55_2^Leg_J2-1;LegandWheel-2/Leg_J2-1/复件 ZU9_72_2^Leg_J2-1;LegandWheel-2/Leg_J2-1/复件 ZU6_1_2-132485^Leg_J2-1;LegandWheel-2/Leg_J2-1/复件 ZU6_1_2-132485^Leg_J2-2;LegandWheel-2/Leg_J2-1/复件 PCBMODEL_ASM_3_ASM_1_ASM^Leg_J2-1/COMPOUND-41_8_1^复件 PCBMODEL_ASM_3_ASM_1_ASM_Leg_J2-1,leg1Cord2,leg1Axis2,leg1Joint2,revolute,0.074919,0,0,1.5708,0,0,leg1Link1,0,0,1,0,0,0,0,,,,,,,,
leg1Link3,0.043398,-0.00046421,-0.00014369,0,0,0,0.10463,7.8347E-05,1.4446E-07,2.4714E-08,6.4224E-05,6.1891E-07,5.1019E-05,0,0,0,0,0,0,package://crimson_stand_legInit_forSimOnly/meshes/leg1Link3.STL,1,1,1,1,0,0,0,0,0,0,package://crimson_stand_legInit_forSimOnly/meshes/leg1Link3.STL,,LegandWheel-2/Leg_J3-1/复件 复件 L_ASM_1_ASM_1_ASM_ASM^Leg_J3-1/L1_1_81^复件 复件 L_ASM_1_ASM_1_ASM_ASM_Leg_J3-1;LegandWheel-2/Leg_J3-1/复件 复件 MANIFOLD_SOLID_BREP_581178^Leg_J3-1;LegandWheel-2/Leg_J3-1/复件 复件 MANIFOLD_SOLID_BREP_583929^Leg_J3-1;LegandWheel-2/Leg_J3-1/复件 E1^Leg_J3-1;LegandWheel-2/Leg_J3-1/复件 LA6_16^Leg_J3-1,leg1Cord3,leg1Axis3,leg1Joint3,revolute,0.10528,0,0,0,0,0,leg1Link2,0,0,1,0,0,0,0,,,,,,,,
leg1Link4,0.00010248,-0.00018474,0.035576,0,0,0,0.049466,2.7475E-05,-2.8253E-09,1.3287E-10,2.7477E-05,1.1622E-09,5.4403E-05,0,0,0,0,0,0,package://crimson_stand_legInit_forSimOnly/meshes/leg1Link4.STL,1,1,1,1,0,0,0,0,0,0,package://crimson_stand_legInit_forSimOnly/meshes/leg1Link4.STL,,LegandWheel-2/Leg_Wheel_Simple-1/复件 LA7_2^Leg_Wheel_Simple-1;LegandWheel-2/Leg_Wheel_Simple-1/复件 LA8_1^Leg_Wheel_Simple-1;LegandWheel-2/Leg_Wheel_Simple-1/复件 LA3_4^Leg_Wheel_Simple-1,leg1Cord4,leg3Axis4,leg1Joint4,revolute,0.092497,0,0,1.5708,0,1.5708,leg1Link3,0,0,1,0,0,0,0,,,,,,,,
leg3Link1,0.0374595500301534,-2.5177211148697E-05,-8.02984440812227E-05,0,0,0,0.110849831548192,3.5818756162833E-05,9.22111551322272E-15,-3.98618425225103E-14,3.56353829531699E-05,1.72708180064339E-09,3.56353921941865E-05,0,0,0,0,0,0,package://crimson_stand_legInit_forSimOnly/meshes/leg3Link1.STL,1,1,1,1,0,0,0,0,0,0,package://crimson_stand_legInit_forSimOnly/meshes/leg3Link1.STL,,LegandWheel-1/Leg_J1-1/复件 ZU10_20_1^Leg_J1-2;LegandWheel-1/Leg_J1-1/复件 ZU10_20_1^Leg_J1-4;LegandWheel-1/Leg_J1-1/复件 ZU13_21_1^Leg_J1-1;LegandWheel-1/Leg_J1-1/复件 ZU10_20_1^Leg_J1-3;LegandWheel-1/Leg_J1-1/复件 ZU10_20_1^Leg_J1-1,leg3Cord1,leg3Axis1,leg3Joint1,revolute,0.051605,-0.073842,0,0,0,-1.5708,frameLink7,0,0,1,0,0,0,0,,,,,,,,
leg3Link2,0.0567252379905607,0.0113781148739202,-0.000488183714456358,0,0,0,0.232455963650701,9.92188629051557E-05,-1.33908735055778E-05,-1.02871138761903E-07,0.000188345942682935,-2.49821241548213E-07,0.000222888248538112,0,0,0,0,0,0,package://crimson_stand_legInit_forSimOnly/meshes/leg3Link2.STL,1,1,1,1,0,0,0,0,0,0,package://crimson_stand_legInit_forSimOnly/meshes/leg3Link2.STL,,LegandWheel-1/Leg_J2-1/复件 ZU8_55_2^Leg_J2-1;LegandWheel-1/Leg_J2-1/复件 ZU9_72_2^Leg_J2-1;LegandWheel-1/Leg_J2-1/复件 ZU6_1_2-132485^Leg_J2-1;LegandWheel-1/Leg_J2-1/复件 ZU6_1_2-132485^Leg_J2-2;LegandWheel-1/Leg_J2-1/复件 PCBMODEL_ASM_3_ASM_1_ASM^Leg_J2-1/COMPOUND-41_8_1^复件 PCBMODEL_ASM_3_ASM_1_ASM_Leg_J2-1,leg3Cord2,leg3Axis2,leg3Joint2,revolute,0.074919,0,0,1.5708,0,0,leg3Link1,0,0,1,0,0,0,0,,,,,,,,
leg3Link3,0.0433980945971816,-0.000464208400624569,-0.000143690270283214,0,0,0,0.104632358421814,7.83472733467842E-05,1.44463541929349E-07,2.47153136589535E-08,6.42242440309269E-05,6.18909822745484E-07,5.10192194338954E-05,0,0,0,0,0,0,package://crimson_stand_legInit_forSimOnly/meshes/leg3Link3.STL,1,1,1,1,0,0,0,0,0,0,package://crimson_stand_legInit_forSimOnly/meshes/leg3Link3.STL,,LegandWheel-1/Leg_J3-1/复件 复件 L_ASM_1_ASM_1_ASM_ASM^Leg_J3-1/L1_1_81^复件 复件 L_ASM_1_ASM_1_ASM_ASM_Leg_J3-1;LegandWheel-1/Leg_J3-1/复件 复件 MANIFOLD_SOLID_BREP_581178^Leg_J3-1;LegandWheel-1/Leg_J3-1/复件 复件 MANIFOLD_SOLID_BREP_583929^Leg_J3-1;LegandWheel-1/Leg_J3-1/复件 E1^Leg_J3-1;LegandWheel-1/Leg_J3-1/复件 LA6_16^Leg_J3-1,leg3Cord3,leg3Axis3,leg3Joint3,revolute,0.10528,0,0,0,0,0,leg3Link2,0,0,1,0,0,0,0,,,,,,,,
leg3Link4,-5.3544124471866E-06,4.78949877396884E-05,0.0355764402566172,0,0,0,0.0494658712758129,2.7474673241509E-05,-2.8253964208069E-09,1.32911420731109E-10,2.74771270447656E-05,1.1621477910701E-09,5.44027916009691E-05,0,0,0,0,0,0,package://crimson_stand_legInit_forSimOnly/meshes/leg3Link4.STL,1,1,1,1,0,0,0,0,0,0,package://crimson_stand_legInit_forSimOnly/meshes/leg3Link4.STL,,LegandWheel-1/Leg_Wheel_Simple-1/复件 LA7_2^Leg_Wheel_Simple-1;LegandWheel-1/Leg_Wheel_Simple-1/复件 LA8_1^Leg_Wheel_Simple-1;LegandWheel-1/Leg_Wheel_Simple-1/复件 LA3_4^Leg_Wheel_Simple-1,leg3Cord4,leg3Axis4,leg3Joint4,revolute,0.092497,0,0,1.5708,0,1.5708,leg3Link3,0,0,1,0,0,0,0,,,,,,,,
leg2Link1,0.0374595500607408,-2.51772163827602E-05,-8.02984455013228E-05,0,0,0,0.110849831522327,3.58187561605569E-05,9.08463640055183E-15,-4.3426319044963E-14,3.56353829435729E-05,1.72708212137777E-09,3.56353921839487E-05,0,0,0,0,0,0,package://crimson_stand_legInit_forSimOnly/meshes/leg2Link1.STL,1,1,1,1,0,0,0,0,0,0,package://crimson_stand_legInit_forSimOnly/meshes/leg2Link1.STL,,LegandWheel-3/Leg_J1-1/复件 ZU10_20_1^Leg_J1-2;LegandWheel-3/Leg_J1-1/复件 ZU13_21_1^Leg_J1-1;LegandWheel-3/Leg_J1-1/复件 ZU10_20_1^Leg_J1-1;LegandWheel-3/Leg_J1-1/复件 ZU10_20_1^Leg_J1-3;LegandWheel-3/Leg_J1-1/复件 ZU10_20_1^Leg_J1-4,leg2Cord1,leg2Axis1,leg2Joint1,revolute,0.17336,-0.073442,0,0,0,-1.5708,frameLink4,0,0,1,0,0,0,0,,,,,,,,
leg2Link2,0.0567252387786219,0.011378114430285,-0.000568856672948675,0,0,0,0.232455946591721,9.92188637482819E-05,-1.33908787310031E-05,-1.02872823235025E-07,0.00018834593144432,-2.49824384735626E-07,0.000222888237621628,0,0,0,0,0,0,package://crimson_stand_legInit_forSimOnly/meshes/leg2Link2.STL,1,1,1,1,0,0,0,0,0,0,package://crimson_stand_legInit_forSimOnly/meshes/leg2Link2.STL,,LegandWheel-3/Leg_J2-1/复件 ZU9_72_2^Leg_J2-1;LegandWheel-3/Leg_J2-1/复件 ZU8_55_2^Leg_J2-1;LegandWheel-3/Leg_J2-1/复件 ZU6_1_2-132485^Leg_J2-1;LegandWheel-3/Leg_J2-1/复件 ZU6_1_2-132485^Leg_J2-2;LegandWheel-3/Leg_J2-1/复件 PCBMODEL_ASM_3_ASM_1_ASM^Leg_J2-1/COMPOUND-41_8_1^复件 PCBMODEL_ASM_3_ASM_1_ASM_Leg_J2-1,leg2Cord2,leg2Axis2,leg2Joint2,revolute,0.074919,0,0,1.5708,0,0,leg2Link1,0,0,1,0,0,0,0,,,,,,,,
leg2Link3,-0.0433980945987605,0.000464208402210481,-0.000143690269684027,0,0,0,0.104632358413939,7.83472733420777E-05,1.4446355416718E-07,-2.47153181511933E-08,6.42242440254363E-05,-6.18909823863397E-07,5.1019219429382E-05,0,0,0,0,0,0,package://crimson_stand_legInit_forSimOnly/meshes/leg2Link3.STL,1,1,1,1,0,0,0,0,0,0,package://crimson_stand_legInit_forSimOnly/meshes/leg2Link3.STL,,LegandWheel-3/Leg_J3-1/复件 复件 L_ASM_1_ASM_1_ASM_ASM^Leg_J3-1/L1_1_81^复件 复件 L_ASM_1_ASM_1_ASM_ASM_Leg_J3-1;LegandWheel-3/Leg_J3-1/复件 复件 MANIFOLD_SOLID_BREP_583929^Leg_J3-1;LegandWheel-3/Leg_J3-1/复件 复件 MANIFOLD_SOLID_BREP_581178^Leg_J3-1;LegandWheel-3/Leg_J3-1/复件 E1^Leg_J3-1;LegandWheel-3/Leg_J3-1/复件 LA6_16^Leg_J3-1,leg2Cord3,leg2Axis3,leg2Joint3,revolute,0.10528,0,0,0,0,3.1416,leg2Link2,0,0,1,0,0,0,0,,,,,,,,
leg2Link4,0.000102483555641533,-0.000184743390442249,0.0355764404600576,0,0,0,0.0494658712435402,2.74746732076614E-05,-2.82546110802345E-09,1.32921076810355E-10,2.74771270166065E-05,1.16212967774258E-09,5.44027915317062E-05,0,0,0,0,0,0,package://crimson_stand_legInit_forSimOnly/meshes/leg2Link4.STL,1,1,1,1,0,0,0,0,0,0,package://crimson_stand_legInit_forSimOnly/meshes/leg2Link4.STL,,LegandWheel-3/Leg_Wheel_Simple-1/复件 LA7_2^Leg_Wheel_Simple-1;LegandWheel-3/Leg_Wheel_Simple-1/复件 LA8_1^Leg_Wheel_Simple-1;LegandWheel-3/Leg_Wheel_Simple-1/复件 LA3_4^Leg_Wheel_Simple-1,leg2Cord4,leg2Axis4,leg2Joint4,revolute,-0.092497,0,0,1.5708,0,-1.5708,leg2Link3,0,0,1,0,0,0,0,,,,,,,,
leg0Link1,0.0374595500100638,-2.51772448996712E-05,-8.0298393044867E-05,0,0,0,0.110849831459085,3.5818756154182E-05,-3.74924833269294E-15,-4.84500843127672E-14,3.56353829207481E-05,1.72708421082432E-09,3.56353921735726E-05,0,0,0,0,0,0,package://crimson_stand_legInit_forSimOnly/meshes/leg0Link1.STL,1,1,1,1,0,0,0,0,0,0,package://crimson_stand_legInit_forSimOnly/meshes/leg0Link1.STL,,LegandWheel-4/Leg_J1-1/复件 ZU10_20_1^Leg_J1-2;LegandWheel-4/Leg_J1-1/复件 ZU13_21_1^Leg_J1-1;LegandWheel-4/Leg_J1-1/复件 ZU10_20_1^Leg_J1-1;LegandWheel-4/Leg_J1-1/复件 ZU10_20_1^Leg_J1-4;LegandWheel-4/Leg_J1-1/复件 ZU10_20_1^Leg_J1-3,leg0Cord1,leg0Axis1,leg0Joint1,revolute,0.051868,-0.07395,0,0,0,-1.5708,frameLink3,0,0,1,0,0,0,0,,,,,,,,
leg0Link2,0.0567258780911228,0.0113787417028545,-0.000568727205740999,0,0,0,0.232459506614329,9.92201761848908E-05,-1.33924400164838E-05,-1.02413786531715E-07,0.000188348063556676,-2.49471732131182E-07,0.000222891474082155,0,0,0,0,0,0,package://crimson_stand_legInit_forSimOnly/meshes/leg0Link2.STL,1,1,1,1,0,0,0,0,0,0,package://crimson_stand_legInit_forSimOnly/meshes/leg0Link2.STL,,LegandWheel-4/Leg_J2-1/复件 ZU9_72_2^Leg_J2-1;LegandWheel-4/Leg_J2-1/复件 ZU8_55_2^Leg_J2-1;LegandWheel-4/Leg_J2-1/复件 ZU6_1_2-132485^Leg_J2-2;LegandWheel-4/Leg_J2-1/复件 ZU6_1_2-132485^Leg_J2-1;LegandWheel-4/Leg_J2-1/复件 PCBMODEL_ASM_3_ASM_1_ASM^Leg_J2-1/COMPOUND-41_8_1^复件 PCBMODEL_ASM_3_ASM_1_ASM_Leg_J2-1,leg0Cord2,leg0Axis2,leg0Joint2,revolute,0.074919,0,0,1.5708,0,0,leg0Link1,0,0,1,0,0,0,0,,,,,,,,
leg0Link3,0.0433980946401158,-0.000464208395657847,-0.000143690329693941,0,0,0,0.104632359210884,7.83472735592409E-05,1.44463507775824E-07,2.47154742283855E-08,6.42242442904605E-05,6.18909923395118E-07,5.10192197522308E-05,0,0,0,0,0,0,package://crimson_stand_legInit_forSimOnly/meshes/leg0Link3.STL,1,1,1,1,0,0,0,0,0,0,package://crimson_stand_legInit_forSimOnly/meshes/leg0Link3.STL,,LegandWheel-4/Leg_J3-1/复件 复件 MANIFOLD_SOLID_BREP_583929^Leg_J3-1;LegandWheel-4/Leg_J3-1/复件 复件 L_ASM_1_ASM_1_ASM_ASM^Leg_J3-1/L1_1_81^复件 复件 L_ASM_1_ASM_1_ASM_ASM_Leg_J3-1;LegandWheel-4/Leg_J3-1/复件 复件 MANIFOLD_SOLID_BREP_581178^Leg_J3-1;LegandWheel-4/Leg_J3-1/复件 LA6_16^Leg_J3-1;LegandWheel-4/Leg_J3-1/复件 E1^Leg_J3-1,leg0Cord3,leg0Axis3,leg0Joint3,revolute,0.10528,0,0,0,0,0,leg0Link2,0,0,1,0,0,0,0,,,,,,,,
leg0Link4,0.000102493158146075,-0.000184738837685466,0.0355764403316247,0,0,0,0.0494658713408769,2.74746736027018E-05,-2.82563306709304E-09,1.32870275461597E-10,2.74771267267362E-05,1.16214187301378E-09,5.44027916335588E-05,0,0,0,0,0,0,package://crimson_stand_legInit_forSimOnly/meshes/leg0Link4.STL,1,1,1,1,0,0,0,0,0,0,package://crimson_stand_legInit_forSimOnly/meshes/leg0Link4.STL,,LegandWheel-4/Leg_Wheel_Simple-1/复件 LA3_4^Leg_Wheel_Simple-1;LegandWheel-4/Leg_Wheel_Simple-1/复件 LA8_1^Leg_Wheel_Simple-1;LegandWheel-4/Leg_Wheel_Simple-1/复件 LA7_2^Leg_Wheel_Simple-1,leg0Cord4,leg0Axis4,leg0Joint4,revolute,0.092497,0,0,1.5708,0,1.5708,leg0Link3,0,0,1,0,0,0,0,,,,,,,,
